-- phpMyAdmin SQL Dump
-- version 5.2.1
-- https://www.phpmyadmin.net/
--
-- Host: 127.0.0.1
-- Generation Time: Jul 15, 2024 at 08:11 AM
-- Server version: 10.4.32-MariaDB
-- PHP Version: 8.2.12

SET SQL_MODE = "NO_AUTO_VALUE_ON_ZERO";
START TRANSACTION;
SET time_zone = "+00:00";


/*!40101 SET @OLD_CHARACTER_SET_CLIENT=@@CHARACTER_SET_CLIENT */;
/*!40101 SET @OLD_CHARACTER_SET_RESULTS=@@CHARACTER_SET_RESULTS */;
/*!40101 SET @OLD_COLLATION_CONNECTION=@@COLLATION_CONNECTION */;
/*!40101 SET NAMES utf8mb4 */;

--
-- Database: `tp`
--

-- --------------------------------------------------------

--
-- Table structure for table `booking`
--

CREATE TABLE `booking` (
  `BookingID` int(11) NOT NULL,
  `UserID` int(11) DEFAULT NULL,
  `FlightID` int(11) DEFAULT NULL,
  `SeatID` int(11) DEFAULT NULL,
  `PassengerID` int(11) DEFAULT NULL,
  `BookingTime` timestamp NOT NULL DEFAULT current_timestamp(),
  `status` enum('booked','cancelled') NOT NULL DEFAULT 'booked'
) ENGINE=InnoDB DEFAULT CHARSET=utf8mb4 COLLATE=utf8mb4_general_ci;

--
-- Triggers `booking`
--
DELIMITER $$
CREATE TRIGGER `before_booking_insert` BEFORE INSERT ON `booking` FOR EACH ROW BEGIN
    DECLARE latest_user_id INT;
    DECLARE latest_flight_id INT;
    DECLARE latest_seat_id INT;
    DECLARE latest_passenger_id INT;

    -- Get the latest UserID
    SELECT `UserID` INTO latest_user_id
    FROM `user`
    ORDER BY `UserID` DESC
    LIMIT 1;

    -- Get the latest FlightID
    SELECT `FlightID` INTO latest_flight_id
    FROM `flight`
    ORDER BY `FlightID` DESC
    LIMIT 1;

    -- Get the latest SeatID
    SELECT `SeatID` INTO latest_seat_id
    FROM `seat`
    ORDER BY `SeatID` DESC
    LIMIT 1;

    -- Get the latest PassengerID
    SELECT `PassengerID` INTO latest_passenger_id
    FROM `passenger`
    ORDER BY `PassengerID` DESC
    LIMIT 1;

    -- Set the NEW values
    SET NEW.`UserID` = latest_user_id;
    SET NEW.`FlightID` = latest_flight_id;
    SET NEW.`SeatID` = latest_seat_id;
    SET NEW.`PassengerID` = latest_passenger_id;
END
$$
DELIMITER ;

-- --------------------------------------------------------

--
-- Table structure for table `flight`
--

CREATE TABLE `flight` (
  `FlightID` int(11) NOT NULL,
  `PlaneID` int(11) DEFAULT NULL,
  `FlightNumber` varchar(20) NOT NULL,
  `DepartureTime` datetime NOT NULL,
  `ArrivalTime` datetime NOT NULL,
  `DepartureLocation` varchar(255) NOT NULL,
  `ArrivalLocation` varchar(255) NOT NULL,
  `fare` int(6) NOT NULL,
  `Duration Time` int(11) NOT NULL,
  `CabinClass` int(11) NOT NULL
) ENGINE=InnoDB DEFAULT CHARSET=utf8mb4 COLLATE=utf8mb4_general_ci;

--
-- Dumping data for table `flight`
--

INSERT INTO `flight` (`FlightID`, `PlaneID`, `FlightNumber`, `DepartureTime`, `ArrivalTime`, `DepartureLocation`, `ArrivalLocation`, `fare`, `Duration Time`, `CabinClass`) VALUES
(1, 1, 'SG501', '2024-07-18 10:30:00', '2024-07-18 12:30:00', 'Delhi', 'Mumbai', 4500, 120, 1),
(2, 2, '6E302', '2024-07-18 13:00:00', '2024-07-18 15:00:00', 'Mumbai', 'Bangalore', 4000, 120, 2),
(3, 3, 'AI505', '2024-07-18 16:00:00', '2024-07-18 18:00:00', 'Bangalore', 'Hyderabad', 3500, 120, 1),
(4, 4, 'UK303', '2024-07-18 19:00:00', '2024-07-18 21:00:00', 'Hyderabad', 'Chennai', 3000, 120, 3),
(5, 5, 'G8101', '2024-07-18 22:00:00', '2024-07-19 00:30:00', 'Chennai', 'Kolkata', 5000, 150, 2),
(6, 6, '6E204', '2024-07-19 01:00:00', '2024-07-19 03:30:00', 'Kolkata', 'Delhi', 5500, 150, 1),
(7, 7, 'AI709', '2024-07-19 10:30:00', '2024-07-19 12:30:00', 'Delhi', 'Jaipur', 3200, 120, 2),
(8, 8, 'UK407', '2024-07-19 13:00:00', '2024-07-19 15:00:00', 'Jaipur', 'Ahmedabad', 3700, 120, 1),
(9, 1, 'SG502', '2024-07-18 12:00:00', '2024-07-18 14:00:00', 'Mumbai', 'Delhi', 4600, 120, 1),
(10, 2, '6E303', '2024-07-18 15:30:00', '2024-07-18 17:30:00', 'Bangalore', 'Mumbai', 4100, 120, 2),
(11, 3, 'AI506', '2024-07-18 19:00:00', '2024-07-18 21:00:00', 'Hyderabad', 'Bangalore', 3600, 120, 1),
(12, 4, 'UK304', '2024-07-18 22:30:00', '2024-07-19 00:30:00', 'Chennai', 'Hyderabad', 3200, 120, 3),
(13, 5, 'G8102', '2024-07-19 01:30:00', '2024-07-19 04:00:00', 'Kolkata', 'Chennai', 5200, 150, 2),
(14, 6, '6E205', '2024-07-19 10:00:00', '2024-07-19 12:30:00', 'Delhi', 'Kolkata', 5700, 150, 1),
(15, 7, 'AI710', '2024-07-19 13:30:00', '2024-07-19 15:30:00', 'Jaipur', 'Delhi', 3300, 120, 2),
(16, 8, 'UK408', '2024-07-19 16:30:00', '2024-07-19 18:30:00', 'Ahmedabad', 'Jaipur', 3800, 120, 1),
(17, 1, 'SG503', '2024-07-19 19:30:00', '2024-07-19 21:30:00', 'Surat', 'Ahmedabad', 2900, 120, 3),
(18, 2, '6E304', '2024-07-19 22:30:00', '2024-07-20 00:30:00', 'Pune', 'Surat', 4200, 120, 1),
(19, 3, 'AI512', '2024-07-20 01:30:00', '2024-07-20 03:00:00', 'Goa', 'Pune', 4400, 150, 2),
(20, 4, 'G8124', '2024-07-20 04:00:00', '2024-07-20 06:30:00', 'Mumbai', 'Goa', 4000, 150, 1);

-- --------------------------------------------------------

--
-- Table structure for table `passenger`
--

CREATE TABLE `passenger` (
  `PassengerID` int(11) NOT NULL,
  `UserID` int(11) DEFAULT NULL,
  `Name` varchar(255) NOT NULL,
  `Age` int(11) NOT NULL,
  `AgeGroup` enum('adult','senior','child','infant') NOT NULL,
  `SeatNumber` varchar(10) NOT NULL,
  `Email` varchar(255) DEFAULT NULL,
  `PhoneNumber` varchar(15) DEFAULT NULL,
  `MealPreference` enum('none','veg','non-veg','vegan','kosher','halal') DEFAULT 'none'
) ENGINE=InnoDB DEFAULT CHARSET=utf8mb4 COLLATE=utf8mb4_general_ci;

-- --------------------------------------------------------

--
-- Table structure for table `plane`
--

CREATE TABLE `plane` (
  `PlaneID` int(11) NOT NULL,
  `PlaneModel` varchar(255) NOT NULL
) ENGINE=InnoDB DEFAULT CHARSET=utf8mb4 COLLATE=utf8mb4_general_ci;

--
-- Dumping data for table `plane`
--

INSERT INTO `plane` (`PlaneID`, `PlaneModel`) VALUES
(1, 'Airbus A320'),
(2, 'Airbus A350'),
(3, 'Airbus A380'),
(4, 'Boeing 737'),
(5, 'Boeing 747'),
(6, 'Boeing 777'),
(7, 'Bombardier CRJ700'),
(8, 'Embraer E190');

-- --------------------------------------------------------

--
-- Table structure for table `seat`
--

CREATE TABLE `seat` (
  `SeatID` int(11) NOT NULL,
  `FlightID` int(11) DEFAULT NULL,
  `SeatNumber` varchar(10) NOT NULL,
  `Status` enum('booked','locked','free') DEFAULT 'free',
  `IsFireExit` enum('1','0') NOT NULL DEFAULT '0',
  `LockUntil` datetime DEFAULT NULL
) ENGINE=InnoDB DEFAULT CHARSET=utf8mb4 COLLATE=utf8mb4_general_ci;

--
-- Dumping data for table `seat`
--

INSERT INTO `seat` (`SeatID`, `FlightID`, `SeatNumber`, `Status`, `IsFireExit`, `LockUntil`) VALUES
(1, 1, '1A', 'free', '0', NULL),
(2, 1, '1B', 'free', '0', NULL),
(3, 1, '1C', 'free', '0', NULL),
(4, 1, '1D', 'free', '0', NULL),
(5, 1, '1E', 'free', '0', NULL),
(6, 1, '1F', 'free', '1', NULL),
(7, 1, '2A', 'free', '0', NULL),
(8, 1, '2B', 'free', '0', NULL),
(9, 1, '2C', 'free', '0', NULL),
(10, 1, '2D', 'free', '0', NULL),
(11, 1, '2E', 'free', '0', NULL),
(12, 1, '2F', 'free', '1', NULL),
(13, 1, '3A', 'free', '0', NULL),
(14, 1, '3B', 'free', '0', NULL),
(15, 1, '3C', 'free', '0', NULL),
(16, 1, '3D', 'free', '0', NULL),
(17, 1, '3E', 'free', '0', NULL),
(18, 1, '3F', 'free', '1', NULL),
(19, 1, '4A', 'free', '0', NULL),
(20, 1, '4B', 'free', '0', NULL),
(21, 1, '4C', 'free', '0', NULL),
(22, 1, '4D', 'free', '0', NULL),
(23, 1, '4E', 'free', '0', NULL),
(24, 1, '4F', 'free', '1', NULL),
(25, 1, '5A', 'free', '0', NULL),
(26, 1, '5B', 'free', '0', NULL),
(27, 1, '5C', 'free', '0', NULL),
(28, 1, '5D', 'free', '0', NULL),
(29, 1, '5E', 'free', '0', NULL),
(30, 1, '5F', 'free', '1', NULL),
(31, 1, '6A', 'free', '0', NULL),
(32, 1, '6B', 'free', '0', NULL),
(33, 1, '6C', 'free', '0', NULL),
(34, 1, '6D', 'free', '0', NULL),
(35, 1, '6E', 'free', '0', NULL),
(36, 1, '6F', 'free', '1', NULL),
(37, 1, '7A', 'free', '0', NULL),
(38, 1, '7B', 'free', '0', NULL),
(39, 1, '7C', 'free', '0', NULL),
(40, 1, '7D', 'free', '0', NULL),
(41, 1, '7E', 'free', '0', NULL),
(42, 1, '7F', 'free', '0', NULL),
(43, 1, '8A', 'free', '0', NULL),
(44, 1, '8B', 'free', '0', NULL),
(45, 1, '8C', 'free', '0', NULL),
(46, 1, '8D', 'free', '0', NULL),
(47, 1, '8E', 'free', '0', NULL),
(48, 1, '8F', 'free', '0', NULL),
(49, 1, '9A', 'free', '0', NULL),
(50, 1, '9B', 'free', '0', NULL),
(51, 1, '9C', 'free', '0', NULL),
(52, 1, '9D', 'free', '0', NULL),
(53, 1, '9E', 'free', '0', NULL),
(54, 1, '9F', 'free', '0', NULL),
(55, 1, '10A', 'free', '0', NULL),
(56, 1, '10B', 'free', '0', NULL),
(57, 1, '10C', 'free', '0', NULL),
(58, 1, '10D', 'free', '0', NULL),
(59, 1, '10E', 'free', '0', NULL),
(60, 1, '10F', 'free', '0', NULL),
(61, 2, '1A', 'free', '0', NULL),
(62, 2, '1B', 'free', '0', NULL),
(63, 2, '1C', 'free', '0', NULL),
(64, 2, '1D', 'free', '0', NULL),
(65, 2, '1E', 'free', '0', NULL),
(66, 2, '1F', 'free', '1', NULL),
(67, 2, '2A', 'free', '0', NULL),
(68, 2, '2B', 'free', '0', NULL),
(69, 2, '2C', 'free', '0', NULL),
(70, 2, '2D', 'free', '0', NULL),
(71, 2, '2E', 'free', '0', NULL),
(72, 2, '2F', 'free', '1', NULL),
(73, 2, '3A', 'free', '0', NULL),
(74, 2, '3B', 'free', '0', NULL),
(75, 2, '3C', 'free', '0', NULL),
(76, 2, '3D', 'free', '0', NULL),
(77, 2, '3E', 'free', '0', NULL),
(78, 2, '3F', 'free', '1', NULL),
(79, 2, '4A', 'free', '0', NULL),
(80, 2, '4B', 'free', '0', NULL),
(81, 2, '4C', 'free', '0', NULL),
(82, 2, '4D', 'free', '0', NULL),
(83, 2, '4E', 'free', '0', NULL),
(84, 2, '4F', 'free', '1', NULL),
(85, 2, '5A', 'free', '0', NULL),
(86, 2, '5B', 'free', '0', NULL),
(87, 2, '5C', 'free', '0', NULL),
(88, 2, '5D', 'free', '0', NULL),
(89, 2, '5E', 'free', '0', NULL),
(90, 2, '5F', 'free', '1', NULL),
(91, 2, '6A', 'free', '0', NULL),
(92, 2, '6B', 'free', '0', NULL),
(93, 2, '6C', 'free', '0', NULL),
(94, 2, '6D', 'free', '0', NULL),
(95, 2, '6E', 'free', '0', NULL),
(96, 2, '6F', 'free', '1', NULL),
(97, 2, '7A', 'free', '0', NULL),
(98, 2, '7B', 'free', '0', NULL),
(99, 2, '7C', 'free', '0', NULL),
(100, 2, '7D', 'free', '0', NULL),
(101, 2, '7E', 'free', '0', NULL),
(102, 2, '7F', 'free', '0', NULL),
(103, 2, '8A', 'free', '0', NULL),
(104, 2, '8B', 'free', '0', NULL),
(105, 2, '8C', 'free', '0', NULL),
(106, 2, '8D', 'free', '0', NULL),
(107, 2, '8E', 'free', '0', NULL),
(108, 2, '8F', 'free', '0', NULL),
(109, 2, '9A', 'free', '0', NULL),
(110, 2, '9B', 'free', '0', NULL),
(111, 2, '9C', 'free', '0', NULL),
(112, 2, '9D', 'free', '0', NULL),
(113, 2, '9E', 'free', '0', NULL),
(114, 2, '9F', 'free', '0', NULL),
(115, 2, '10A', 'free', '0', NULL),
(116, 2, '10B', 'free', '0', NULL),
(117, 2, '10C', 'free', '0', NULL),
(118, 2, '10D', 'free', '0', NULL),
(119, 2, '10E', 'free', '0', NULL),
(120, 2, '10F', 'free', '0', NULL),
(121, 3, '1A', 'free', '0', NULL),
(122, 3, '1B', 'free', '0', NULL),
(123, 3, '1C', 'free', '0', NULL),
(124, 3, '1D', 'free', '0', NULL),
(125, 3, '1E', 'free', '0', NULL),
(126, 3, '1F', 'free', '1', NULL),
(127, 3, '2A', 'free', '0', NULL),
(128, 3, '2B', 'free', '0', NULL),
(129, 3, '2C', 'free', '0', NULL),
(130, 3, '2D', 'free', '0', NULL),
(131, 3, '2E', 'free', '0', NULL),
(132, 3, '2F', 'free', '1', NULL),
(133, 3, '3A', 'free', '0', NULL),
(134, 3, '3B', 'free', '0', NULL),
(135, 3, '3C', 'free', '0', NULL),
(136, 3, '3D', 'free', '0', NULL),
(137, 3, '3E', 'free', '0', NULL),
(138, 3, '3F', 'free', '1', NULL),
(139, 3, '4A', 'free', '0', NULL),
(140, 3, '4B', 'free', '0', NULL),
(141, 3, '4C', 'free', '0', NULL),
(142, 3, '4D', 'free', '0', NULL),
(143, 3, '4E', 'free', '0', NULL),
(144, 3, '4F', 'free', '1', NULL),
(145, 3, '5A', 'free', '0', NULL),
(146, 3, '5B', 'free', '0', NULL),
(147, 3, '5C', 'free', '0', NULL),
(148, 3, '5D', 'free', '0', NULL),
(149, 3, '5E', 'free', '0', NULL),
(150, 3, '5F', 'free', '1', NULL),
(151, 3, '6A', 'free', '0', NULL),
(152, 3, '6B', 'free', '0', NULL),
(153, 3, '6C', 'free', '0', NULL),
(154, 3, '6D', 'free', '0', NULL),
(155, 3, '6E', 'free', '0', NULL),
(156, 3, '6F', 'free', '1', NULL),
(157, 3, '7A', 'free', '0', NULL),
(158, 3, '7B', 'free', '0', NULL),
(159, 3, '7C', 'free', '0', NULL),
(160, 3, '7D', 'free', '0', NULL),
(161, 3, '7E', 'free', '0', NULL),
(162, 3, '7F', 'free', '0', NULL),
(163, 3, '8A', 'free', '0', NULL),
(164, 3, '8B', 'free', '0', NULL),
(165, 3, '8C', 'free', '0', NULL),
(166, 3, '8D', 'free', '0', NULL),
(167, 3, '8E', 'free', '0', NULL),
(168, 3, '8F', 'free', '0', NULL),
(169, 3, '9A', 'free', '0', NULL),
(170, 3, '9B', 'free', '0', NULL),
(171, 3, '9C', 'free', '0', NULL),
(172, 3, '9D', 'free', '0', NULL),
(173, 3, '9E', 'free', '0', NULL),
(174, 3, '9F', 'free', '0', NULL),
(175, 3, '10A', 'free', '0', NULL),
(176, 3, '10B', 'free', '0', NULL),
(177, 3, '10C', 'free', '0', NULL),
(178, 3, '10D', 'free', '0', NULL),
(179, 3, '10E', 'free', '0', NULL),
(180, 3, '10F', 'free', '0', NULL),
(181, 4, '1A', 'free', '0', NULL),
(182, 4, '1B', 'free', '0', NULL),
(183, 4, '1C', 'free', '0', NULL),
(184, 4, '1D', 'free', '0', NULL),
(185, 4, '1E', 'free', '0', NULL),
(186, 4, '1F', 'free', '1', NULL),
(187, 4, '2A', 'free', '0', NULL),
(188, 4, '2B', 'free', '0', NULL),
(189, 4, '2C', 'free', '0', NULL),
(190, 4, '2D', 'free', '0', NULL),
(191, 4, '2E', 'free', '0', NULL),
(192, 4, '2F', 'free', '1', NULL),
(193, 4, '3A', 'free', '0', NULL),
(194, 4, '3B', 'free', '0', NULL),
(195, 4, '3C', 'free', '0', NULL),
(196, 4, '3D', 'free', '0', NULL),
(197, 4, '3E', 'free', '0', NULL),
(198, 4, '3F', 'free', '1', NULL),
(199, 4, '4A', 'free', '0', NULL),
(200, 4, '4B', 'free', '0', NULL),
(201, 4, '4C', 'free', '0', NULL),
(202, 4, '4D', 'free', '0', NULL),
(203, 4, '4E', 'free', '0', NULL),
(204, 4, '4F', 'free', '1', NULL),
(205, 4, '5A', 'free', '0', NULL),
(206, 4, '5B', 'free', '0', NULL),
(207, 4, '5C', 'free', '0', NULL),
(208, 4, '5D', 'free', '0', NULL),
(209, 4, '5E', 'free', '0', NULL),
(210, 4, '5F', 'free', '1', NULL),
(211, 4, '6A', 'free', '0', NULL),
(212, 4, '6B', 'free', '0', NULL),
(213, 4, '6C', 'free', '0', NULL),
(214, 4, '6D', 'free', '0', NULL),
(215, 4, '6E', 'free', '0', NULL),
(216, 4, '6F', 'free', '1', NULL),
(217, 4, '7A', 'free', '0', NULL),
(218, 4, '7B', 'free', '0', NULL),
(219, 4, '7C', 'free', '0', NULL),
(220, 4, '7D', 'free', '0', NULL),
(221, 4, '7E', 'free', '0', NULL),
(222, 4, '7F', 'free', '0', NULL),
(223, 4, '8A', 'free', '0', NULL),
(224, 4, '8B', 'free', '0', NULL),
(225, 4, '8C', 'free', '0', NULL),
(226, 4, '8D', 'free', '0', NULL),
(227, 4, '8E', 'free', '0', NULL),
(228, 4, '8F', 'free', '0', NULL),
(229, 4, '9A', 'free', '0', NULL),
(230, 4, '9B', 'free', '0', NULL),
(231, 4, '9C', 'free', '0', NULL),
(232, 4, '9D', 'free', '0', NULL),
(233, 4, '9E', 'free', '0', NULL),
(234, 4, '9F', 'free', '0', NULL),
(235, 4, '10A', 'free', '0', NULL),
(236, 4, '10B', 'free', '0', NULL),
(237, 4, '10C', 'free', '0', NULL),
(238, 4, '10D', 'free', '0', NULL),
(239, 4, '10E', 'free', '0', NULL),
(240, 4, '10F', 'free', '0', NULL),
(241, 5, '1A', 'free', '0', NULL),
(242, 5, '1B', 'free', '0', NULL),
(243, 5, '1C', 'free', '0', NULL),
(244, 5, '1D', 'free', '0', NULL),
(245, 5, '1E', 'free', '0', NULL),
(246, 5, '1F', 'free', '1', NULL),
(247, 5, '2A', 'free', '0', NULL),
(248, 5, '2B', 'free', '0', NULL),
(249, 5, '2C', 'free', '0', NULL),
(250, 5, '2D', 'free', '0', NULL),
(251, 5, '2E', 'free', '0', NULL),
(252, 5, '2F', 'free', '1', NULL),
(253, 5, '3A', 'free', '0', NULL),
(254, 5, '3B', 'free', '0', NULL),
(255, 5, '3C', 'free', '0', NULL),
(256, 5, '3D', 'free', '0', NULL),
(257, 5, '3E', 'free', '0', NULL),
(258, 5, '3F', 'free', '1', NULL),
(259, 5, '4A', 'free', '0', NULL),
(260, 5, '4B', 'free', '0', NULL),
(261, 5, '4C', 'free', '0', NULL),
(262, 5, '4D', 'free', '0', NULL),
(263, 5, '4E', 'free', '0', NULL),
(264, 5, '4F', 'free', '1', NULL),
(265, 5, '5A', 'free', '0', NULL),
(266, 5, '5B', 'free', '0', NULL),
(267, 5, '5C', 'free', '0', NULL),
(268, 5, '5D', 'free', '0', NULL),
(269, 5, '5E', 'free', '0', NULL),
(270, 5, '5F', 'free', '1', NULL),
(271, 5, '6A', 'free', '0', NULL),
(272, 5, '6B', 'free', '0', NULL),
(273, 5, '6C', 'free', '0', NULL),
(274, 5, '6D', 'free', '0', NULL),
(275, 5, '6E', 'free', '0', NULL),
(276, 5, '6F', 'free', '1', NULL),
(277, 5, '7A', 'free', '0', NULL),
(278, 5, '7B', 'free', '0', NULL),
(279, 5, '7C', 'free', '0', NULL),
(280, 5, '7D', 'free', '0', NULL),
(281, 5, '7E', 'free', '0', NULL),
(282, 5, '7F', 'free', '0', NULL),
(283, 5, '8A', 'free', '0', NULL),
(284, 5, '8B', 'free', '0', NULL),
(285, 5, '8C', 'free', '0', NULL),
(286, 5, '8D', 'free', '0', NULL),
(287, 5, '8E', 'free', '0', NULL),
(288, 5, '8F', 'free', '0', NULL),
(289, 5, '9A', 'free', '0', NULL),
(290, 5, '9B', 'free', '0', NULL),
(291, 5, '9C', 'free', '0', NULL),
(292, 5, '9D', 'free', '0', NULL),
(293, 5, '9E', 'free', '0', NULL),
(294, 5, '9F', 'free', '0', NULL),
(295, 5, '10A', 'free', '0', NULL),
(296, 5, '10B', 'free', '0', NULL),
(297, 5, '10C', 'free', '0', NULL),
(298, 5, '10D', 'free', '0', NULL),
(299, 5, '10E', 'free', '0', NULL),
(300, 5, '10F', 'free', '0', NULL),
(301, 6, '1A', 'free', '0', NULL),
(302, 6, '1B', 'free', '0', NULL),
(303, 6, '1C', 'free', '0', NULL),
(304, 6, '1D', 'free', '0', NULL),
(305, 6, '1E', 'free', '0', NULL),
(306, 6, '1F', 'free', '1', NULL),
(307, 6, '2A', 'free', '0', NULL),
(308, 6, '2B', 'free', '0', NULL),
(309, 6, '2C', 'free', '0', NULL),
(310, 6, '2D', 'free', '0', NULL),
(311, 6, '2E', 'free', '0', NULL),
(312, 6, '2F', 'free', '1', NULL),
(313, 6, '3A', 'free', '0', NULL),
(314, 6, '3B', 'free', '0', NULL),
(315, 6, '3C', 'free', '0', NULL),
(316, 6, '3D', 'free', '0', NULL),
(317, 6, '3E', 'free', '0', NULL),
(318, 6, '3F', 'free', '1', NULL),
(319, 6, '4A', 'free', '0', NULL),
(320, 6, '4B', 'free', '0', NULL),
(321, 6, '4C', 'free', '0', NULL),
(322, 6, '4D', 'free', '0', NULL),
(323, 6, '4E', 'free', '0', NULL),
(324, 6, '4F', 'free', '1', NULL),
(325, 6, '5A', 'free', '0', NULL),
(326, 6, '5B', 'free', '0', NULL),
(327, 6, '5C', 'free', '0', NULL),
(328, 6, '5D', 'free', '0', NULL),
(329, 6, '5E', 'free', '0', NULL),
(330, 6, '5F', 'free', '1', NULL),
(331, 6, '6A', 'free', '0', NULL),
(332, 6, '6B', 'free', '0', NULL),
(333, 6, '6C', 'free', '0', NULL),
(334, 6, '6D', 'free', '0', NULL),
(335, 6, '6E', 'free', '0', NULL),
(336, 6, '6F', 'free', '1', NULL),
(337, 6, '7A', 'free', '0', NULL),
(338, 6, '7B', 'free', '0', NULL),
(339, 6, '7C', 'free', '0', NULL),
(340, 6, '7D', 'free', '0', NULL),
(341, 6, '7E', 'free', '0', NULL),
(342, 6, '7F', 'free', '0', NULL),
(343, 6, '8A', 'free', '0', NULL),
(344, 6, '8B', 'free', '0', NULL),
(345, 6, '8C', 'free', '0', NULL),
(346, 6, '8D', 'free', '0', NULL),
(347, 6, '8E', 'free', '0', NULL),
(348, 6, '8F', 'free', '0', NULL),
(349, 6, '9A', 'free', '0', NULL),
(350, 6, '9B', 'free', '0', NULL),
(351, 6, '9C', 'free', '0', NULL),
(352, 6, '9D', 'free', '0', NULL),
(353, 6, '9E', 'free', '0', NULL),
(354, 6, '9F', 'free', '0', NULL),
(355, 6, '10A', 'free', '0', NULL),
(356, 6, '10B', 'free', '0', NULL),
(357, 6, '10C', 'free', '0', NULL),
(358, 6, '10D', 'free', '0', NULL),
(359, 6, '10E', 'free', '0', NULL),
(360, 6, '10F', 'free', '0', NULL),
(361, 7, '1A', 'free', '0', NULL),
(362, 7, '1B', 'free', '0', NULL),
(363, 7, '1C', 'free', '0', NULL),
(364, 7, '1D', 'free', '0', NULL),
(365, 7, '1E', 'free', '0', NULL),
(366, 7, '1F', 'free', '1', NULL),
(367, 7, '2A', 'free', '0', NULL),
(368, 7, '2B', 'free', '0', NULL),
(369, 7, '2C', 'free', '0', NULL),
(370, 7, '2D', 'free', '0', NULL),
(371, 7, '2E', 'free', '0', NULL),
(372, 7, '2F', 'free', '1', NULL),
(373, 7, '3A', 'free', '0', NULL),
(374, 7, '3B', 'free', '0', NULL),
(375, 7, '3C', 'free', '0', NULL),
(376, 7, '3D', 'free', '0', NULL),
(377, 7, '3E', 'free', '0', NULL),
(378, 7, '3F', 'free', '1', NULL),
(379, 7, '4A', 'free', '0', NULL),
(380, 7, '4B', 'free', '0', NULL),
(381, 7, '4C', 'free', '0', NULL),
(382, 7, '4D', 'free', '0', NULL),
(383, 7, '4E', 'free', '0', NULL),
(384, 7, '4F', 'free', '1', NULL),
(385, 7, '5A', 'free', '0', NULL),
(386, 7, '5B', 'free', '0', NULL),
(387, 7, '5C', 'free', '0', NULL),
(388, 7, '5D', 'free', '0', NULL),
(389, 7, '5E', 'free', '0', NULL),
(390, 7, '5F', 'free', '1', NULL),
(391, 7, '6A', 'free', '0', NULL),
(392, 7, '6B', 'free', '0', NULL),
(393, 7, '6C', 'free', '0', NULL),
(394, 7, '6D', 'free', '0', NULL),
(395, 7, '6E', 'free', '0', NULL),
(396, 7, '6F', 'free', '1', NULL),
(397, 7, '7A', 'free', '0', NULL),
(398, 7, '7B', 'free', '0', NULL),
(399, 7, '7C', 'free', '0', NULL),
(400, 7, '7D', 'free', '0', NULL),
(401, 7, '7E', 'free', '0', NULL),
(402, 7, '7F', 'free', '0', NULL),
(403, 7, '8A', 'free', '0', NULL),
(404, 7, '8B', 'free', '0', NULL),
(405, 7, '8C', 'free', '0', NULL),
(406, 7, '8D', 'free', '0', NULL),
(407, 7, '8E', 'free', '0', NULL),
(408, 7, '8F', 'free', '0', NULL),
(409, 7, '9A', 'free', '0', NULL),
(410, 7, '9B', 'free', '0', NULL),
(411, 7, '9C', 'free', '0', NULL),
(412, 7, '9D', 'free', '0', NULL),
(413, 7, '9E', 'free', '0', NULL),
(414, 7, '9F', 'free', '0', NULL),
(415, 7, '10A', 'free', '0', NULL),
(416, 7, '10B', 'free', '0', NULL),
(417, 7, '10C', 'free', '0', NULL),
(418, 7, '10D', 'free', '0', NULL),
(419, 7, '10E', 'free', '0', NULL),
(420, 7, '10F', 'free', '0', NULL),
(421, 8, '1A', 'free', '0', NULL),
(422, 8, '1B', 'free', '0', NULL),
(423, 8, '1C', 'free', '0', NULL),
(424, 8, '1D', 'free', '0', NULL),
(425, 8, '1E', 'free', '0', NULL),
(426, 8, '1F', 'free', '1', NULL),
(427, 8, '2A', 'free', '0', NULL),
(428, 8, '2B', 'free', '0', NULL),
(429, 8, '2C', 'free', '0', NULL),
(430, 8, '2D', 'free', '0', NULL),
(431, 8, '2E', 'free', '0', NULL),
(432, 8, '2F', 'free', '1', NULL),
(433, 8, '3A', 'free', '0', NULL),
(434, 8, '3B', 'free', '0', NULL),
(435, 8, '3C', 'free', '0', NULL),
(436, 8, '3D', 'free', '0', NULL),
(437, 8, '3E', 'free', '0', NULL),
(438, 8, '3F', 'free', '1', NULL),
(439, 8, '4A', 'free', '0', NULL),
(440, 8, '4B', 'free', '0', NULL),
(441, 8, '4C', 'free', '0', NULL),
(442, 8, '4D', 'free', '0', NULL),
(443, 8, '4E', 'free', '0', NULL),
(444, 8, '4F', 'free', '1', NULL),
(445, 8, '5A', 'free', '0', NULL),
(446, 8, '5B', 'free', '0', NULL),
(447, 8, '5C', 'free', '0', NULL),
(448, 8, '5D', 'free', '0', NULL),
(449, 8, '5E', 'free', '0', NULL),
(450, 8, '5F', 'free', '1', NULL),
(451, 8, '6A', 'free', '0', NULL),
(452, 8, '6B', 'free', '0', NULL),
(453, 8, '6C', 'free', '0', NULL),
(454, 8, '6D', 'free', '0', NULL),
(455, 8, '6E', 'free', '0', NULL),
(456, 8, '6F', 'free', '1', NULL),
(457, 8, '7A', 'free', '0', NULL),
(458, 8, '7B', 'free', '0', NULL),
(459, 8, '7C', 'free', '0', NULL),
(460, 8, '7D', 'free', '0', NULL),
(461, 8, '7E', 'free', '0', NULL),
(462, 8, '7F', 'free', '0', NULL),
(463, 8, '8A', 'free', '0', NULL),
(464, 8, '8B', 'free', '0', NULL),
(465, 8, '8C', 'free', '0', NULL),
(466, 8, '8D', 'free', '0', NULL),
(467, 8, '8E', 'free', '0', NULL),
(468, 8, '8F', 'free', '0', NULL),
(469, 8, '9A', 'free', '0', NULL),
(470, 8, '9B', 'free', '0', NULL),
(471, 8, '9C', 'free', '0', NULL),
(472, 8, '9D', 'free', '0', NULL),
(473, 8, '9E', 'free', '0', NULL),
(474, 8, '9F', 'free', '0', NULL),
(475, 8, '10A', 'free', '0', NULL),
(476, 8, '10B', 'free', '0', NULL),
(477, 8, '10C', 'free', '0', NULL),
(478, 8, '10D', 'free', '0', NULL),
(479, 8, '10E', 'free', '0', NULL),
(480, 8, '10F', 'free', '0', NULL),
(481, 9, '1A', 'free', '0', NULL),
(482, 9, '1B', 'free', '0', NULL),
(483, 9, '1C', 'free', '0', NULL),
(484, 9, '1D', 'free', '0', NULL),
(485, 9, '1E', 'free', '0', NULL),
(486, 9, '1F', 'free', '1', NULL),
(487, 9, '2A', 'free', '0', NULL),
(488, 9, '2B', 'free', '0', NULL),
(489, 9, '2C', 'free', '0', NULL),
(490, 9, '2D', 'free', '0', NULL),
(491, 9, '2E', 'free', '0', NULL),
(492, 9, '2F', 'free', '1', NULL),
(493, 9, '3A', 'free', '0', NULL),
(494, 9, '3B', 'free', '0', NULL),
(495, 9, '3C', 'free', '0', NULL),
(496, 9, '3D', 'free', '0', NULL),
(497, 9, '3E', 'free', '0', NULL),
(498, 9, '3F', 'free', '1', NULL),
(499, 9, '4A', 'free', '0', NULL),
(500, 9, '4B', 'free', '0', NULL),
(501, 9, '4C', 'free', '0', NULL),
(502, 9, '4D', 'free', '0', NULL),
(503, 9, '4E', 'free', '0', NULL),
(504, 9, '4F', 'free', '1', NULL),
(505, 9, '5A', 'free', '0', NULL),
(506, 9, '5B', 'free', '0', NULL),
(507, 9, '5C', 'free', '0', NULL),
(508, 9, '5D', 'free', '0', NULL),
(509, 9, '5E', 'free', '0', NULL),
(510, 9, '5F', 'free', '1', NULL),
(511, 9, '6A', 'free', '0', NULL),
(512, 9, '6B', 'free', '0', NULL),
(513, 9, '6C', 'free', '0', NULL),
(514, 9, '6D', 'free', '0', NULL),
(515, 9, '6E', 'free', '0', NULL),
(516, 9, '6F', 'free', '1', NULL),
(517, 9, '7A', 'free', '0', NULL),
(518, 9, '7B', 'free', '0', NULL),
(519, 9, '7C', 'free', '0', NULL),
(520, 9, '7D', 'free', '0', NULL),
(521, 9, '7E', 'free', '0', NULL),
(522, 9, '7F', 'free', '0', NULL),
(523, 9, '8A', 'free', '0', NULL),
(524, 9, '8B', 'free', '0', NULL),
(525, 9, '8C', 'free', '0', NULL),
(526, 9, '8D', 'free', '0', NULL),
(527, 9, '8E', 'free', '0', NULL),
(528, 9, '8F', 'free', '0', NULL),
(529, 9, '9A', 'free', '0', NULL),
(530, 9, '9B', 'free', '0', NULL),
(531, 9, '9C', 'free', '0', NULL),
(532, 9, '9D', 'free', '0', NULL),
(533, 9, '9E', 'free', '0', NULL),
(534, 9, '9F', 'free', '0', NULL),
(535, 9, '10A', 'free', '0', NULL),
(536, 9, '10B', 'free', '0', NULL),
(537, 9, '10C', 'free', '0', NULL),
(538, 9, '10D', 'free', '0', NULL),
(539, 9, '10E', 'free', '0', NULL),
(540, 9, '10F', 'free', '0', NULL),
(541, 10, '1A', 'free', '0', NULL),
(542, 10, '1B', 'free', '0', NULL),
(543, 10, '1C', 'free', '0', NULL),
(544, 10, '1D', 'free', '0', NULL),
(545, 10, '1E', 'free', '0', NULL),
(546, 10, '1F', 'free', '1', NULL),
(547, 10, '2A', 'free', '0', NULL),
(548, 10, '2B', 'free', '0', NULL),
(549, 10, '2C', 'free', '0', NULL),
(550, 10, '2D', 'free', '0', NULL),
(551, 10, '2E', 'free', '0', NULL),
(552, 10, '2F', 'free', '1', NULL),
(553, 10, '3A', 'free', '0', NULL),
(554, 10, '3B', 'free', '0', NULL),
(555, 10, '3C', 'free', '0', NULL),
(556, 10, '3D', 'free', '0', NULL),
(557, 10, '3E', 'free', '0', NULL),
(558, 10, '3F', 'free', '1', NULL),
(559, 10, '4A', 'free', '0', NULL),
(560, 10, '4B', 'free', '0', NULL),
(561, 10, '4C', 'free', '0', NULL),
(562, 10, '4D', 'free', '0', NULL),
(563, 10, '4E', 'free', '0', NULL),
(564, 10, '4F', 'free', '1', NULL),
(565, 10, '5A', 'free', '0', NULL),
(566, 10, '5B', 'free', '0', NULL),
(567, 10, '5C', 'free', '0', NULL),
(568, 10, '5D', 'free', '0', NULL),
(569, 10, '5E', 'free', '0', NULL),
(570, 10, '5F', 'free', '1', NULL),
(571, 10, '6A', 'free', '0', NULL),
(572, 10, '6B', 'free', '0', NULL),
(573, 10, '6C', 'free', '0', NULL),
(574, 10, '6D', 'free', '0', NULL),
(575, 10, '6E', 'free', '0', NULL),
(576, 10, '6F', 'free', '1', NULL),
(577, 10, '7A', 'free', '0', NULL),
(578, 10, '7B', 'free', '0', NULL),
(579, 10, '7C', 'free', '0', NULL),
(580, 10, '7D', 'free', '0', NULL),
(581, 10, '7E', 'free', '0', NULL),
(582, 10, '7F', 'free', '0', NULL),
(583, 10, '8A', 'free', '0', NULL),
(584, 10, '8B', 'free', '0', NULL),
(585, 10, '8C', 'free', '0', NULL),
(586, 10, '8D', 'free', '0', NULL),
(587, 10, '8E', 'free', '0', NULL),
(588, 10, '8F', 'free', '0', NULL),
(589, 10, '9A', 'free', '0', NULL),
(590, 10, '9B', 'free', '0', NULL),
(591, 10, '9C', 'free', '0', NULL),
(592, 10, '9D', 'free', '0', NULL),
(593, 10, '9E', 'free', '0', NULL),
(594, 10, '9F', 'free', '0', NULL),
(595, 10, '10A', 'free', '0', NULL),
(596, 10, '10B', 'free', '0', NULL),
(597, 10, '10C', 'free', '0', NULL),
(598, 10, '10D', 'free', '0', NULL),
(599, 10, '10E', 'free', '0', NULL),
(600, 10, '10F', 'free', '0', NULL),
(601, 11, '1A', 'free', '0', NULL),
(602, 11, '1B', 'free', '0', NULL),
(603, 11, '1C', 'free', '0', NULL),
(604, 11, '1D', 'free', '0', NULL),
(605, 11, '1E', 'free', '0', NULL),
(606, 11, '1F', 'free', '1', NULL),
(607, 11, '2A', 'free', '0', NULL),
(608, 11, '2B', 'free', '0', NULL),
(609, 11, '2C', 'free', '0', NULL),
(610, 11, '2D', 'free', '0', NULL),
(611, 11, '2E', 'free', '0', NULL),
(612, 11, '2F', 'free', '1', NULL),
(613, 11, '3A', 'free', '0', NULL),
(614, 11, '3B', 'free', '0', NULL),
(615, 11, '3C', 'free', '0', NULL),
(616, 11, '3D', 'free', '0', NULL),
(617, 11, '3E', 'free', '0', NULL),
(618, 11, '3F', 'free', '1', NULL),
(619, 11, '4A', 'free', '0', NULL),
(620, 11, '4B', 'free', '0', NULL),
(621, 11, '4C', 'free', '0', NULL),
(622, 11, '4D', 'free', '0', NULL),
(623, 11, '4E', 'free', '0', NULL),
(624, 11, '4F', 'free', '1', NULL),
(625, 11, '5A', 'free', '0', NULL),
(626, 11, '5B', 'free', '0', NULL),
(627, 11, '5C', 'free', '0', NULL),
(628, 11, '5D', 'free', '0', NULL),
(629, 11, '5E', 'free', '0', NULL),
(630, 11, '5F', 'free', '1', NULL),
(631, 11, '6A', 'free', '0', NULL),
(632, 11, '6B', 'free', '0', NULL),
(633, 11, '6C', 'free', '0', NULL),
(634, 11, '6D', 'free', '0', NULL),
(635, 11, '6E', 'free', '0', NULL),
(636, 11, '6F', 'free', '1', NULL),
(637, 11, '7A', 'free', '0', NULL),
(638, 11, '7B', 'free', '0', NULL),
(639, 11, '7C', 'free', '0', NULL),
(640, 11, '7D', 'free', '0', NULL),
(641, 11, '7E', 'free', '0', NULL),
(642, 11, '7F', 'free', '0', NULL),
(643, 11, '8A', 'free', '0', NULL),
(644, 11, '8B', 'free', '0', NULL),
(645, 11, '8C', 'free', '0', NULL),
(646, 11, '8D', 'free', '0', NULL),
(647, 11, '8E', 'free', '0', NULL),
(648, 11, '8F', 'free', '0', NULL),
(649, 11, '9A', 'free', '0', NULL),
(650, 11, '9B', 'free', '0', NULL),
(651, 11, '9C', 'free', '0', NULL),
(652, 11, '9D', 'free', '0', NULL),
(653, 11, '9E', 'free', '0', NULL),
(654, 11, '9F', 'free', '0', NULL),
(655, 11, '10A', 'free', '0', NULL),
(656, 11, '10B', 'free', '0', NULL),
(657, 11, '10C', 'free', '0', NULL),
(658, 11, '10D', 'free', '0', NULL),
(659, 11, '10E', 'free', '0', NULL),
(660, 11, '10F', 'free', '0', NULL),
(661, 12, '1A', 'free', '0', NULL),
(662, 12, '1B', 'free', '0', NULL),
(663, 12, '1C', 'free', '0', NULL),
(664, 12, '1D', 'free', '0', NULL),
(665, 12, '1E', 'free', '0', NULL),
(666, 12, '1F', 'free', '1', NULL),
(667, 12, '2A', 'free', '0', NULL),
(668, 12, '2B', 'free', '0', NULL),
(669, 12, '2C', 'free', '0', NULL),
(670, 12, '2D', 'free', '0', NULL),
(671, 12, '2E', 'free', '0', NULL),
(672, 12, '2F', 'free', '1', NULL),
(673, 12, '3A', 'free', '0', NULL),
(674, 12, '3B', 'free', '0', NULL),
(675, 12, '3C', 'free', '0', NULL),
(676, 12, '3D', 'free', '0', NULL),
(677, 12, '3E', 'free', '0', NULL),
(678, 12, '3F', 'free', '1', NULL),
(679, 12, '4A', 'free', '0', NULL),
(680, 12, '4B', 'free', '0', NULL),
(681, 12, '4C', 'free', '0', NULL),
(682, 12, '4D', 'free', '0', NULL),
(683, 12, '4E', 'free', '0', NULL),
(684, 12, '4F', 'free', '1', NULL),
(685, 12, '5A', 'free', '0', NULL),
(686, 12, '5B', 'free', '0', NULL),
(687, 12, '5C', 'free', '0', NULL),
(688, 12, '5D', 'free', '0', NULL),
(689, 12, '5E', 'free', '0', NULL),
(690, 12, '5F', 'free', '1', NULL),
(691, 12, '6A', 'free', '0', NULL),
(692, 12, '6B', 'free', '0', NULL),
(693, 12, '6C', 'free', '0', NULL),
(694, 12, '6D', 'free', '0', NULL),
(695, 12, '6E', 'free', '0', NULL),
(696, 12, '6F', 'free', '1', NULL),
(697, 12, '7A', 'free', '0', NULL),
(698, 12, '7B', 'free', '0', NULL),
(699, 12, '7C', 'free', '0', NULL),
(700, 12, '7D', 'free', '0', NULL),
(701, 12, '7E', 'free', '0', NULL),
(702, 12, '7F', 'free', '0', NULL),
(703, 12, '8A', 'free', '0', NULL),
(704, 12, '8B', 'free', '0', NULL),
(705, 12, '8C', 'free', '0', NULL),
(706, 12, '8D', 'free', '0', NULL),
(707, 12, '8E', 'free', '0', NULL),
(708, 12, '8F', 'free', '0', NULL),
(709, 12, '9A', 'free', '0', NULL),
(710, 12, '9B', 'free', '0', NULL),
(711, 12, '9C', 'free', '0', NULL),
(712, 12, '9D', 'free', '0', NULL),
(713, 12, '9E', 'free', '0', NULL),
(714, 12, '9F', 'free', '0', NULL),
(715, 12, '10A', 'free', '0', NULL),
(716, 12, '10B', 'free', '0', NULL),
(717, 12, '10C', 'free', '0', NULL),
(718, 12, '10D', 'free', '0', NULL),
(719, 12, '10E', 'free', '0', NULL),
(720, 12, '10F', 'free', '0', NULL),
(721, 13, '1A', 'free', '0', NULL),
(722, 13, '1B', 'free', '0', NULL),
(723, 13, '1C', 'free', '0', NULL),
(724, 13, '1D', 'free', '0', NULL),
(725, 13, '1E', 'free', '0', NULL),
(726, 13, '1F', 'free', '1', NULL),
(727, 13, '2A', 'free', '0', NULL),
(728, 13, '2B', 'free', '0', NULL),
(729, 13, '2C', 'free', '0', NULL),
(730, 13, '2D', 'free', '0', NULL),
(731, 13, '2E', 'free', '0', NULL),
(732, 13, '2F', 'free', '1', NULL),
(733, 13, '3A', 'free', '0', NULL),
(734, 13, '3B', 'free', '0', NULL),
(735, 13, '3C', 'free', '0', NULL),
(736, 13, '3D', 'free', '0', NULL),
(737, 13, '3E', 'free', '0', NULL),
(738, 13, '3F', 'free', '1', NULL),
(739, 13, '4A', 'free', '0', NULL),
(740, 13, '4B', 'free', '0', NULL),
(741, 13, '4C', 'free', '0', NULL),
(742, 13, '4D', 'free', '0', NULL),
(743, 13, '4E', 'free', '0', NULL),
(744, 13, '4F', 'free', '1', NULL),
(745, 13, '5A', 'free', '0', NULL),
(746, 13, '5B', 'free', '0', NULL),
(747, 13, '5C', 'free', '0', NULL),
(748, 13, '5D', 'free', '0', NULL),
(749, 13, '5E', 'free', '0', NULL),
(750, 13, '5F', 'free', '1', NULL),
(751, 13, '6A', 'free', '0', NULL),
(752, 13, '6B', 'free', '0', NULL),
(753, 13, '6C', 'free', '0', NULL),
(754, 13, '6D', 'free', '0', NULL),
(755, 13, '6E', 'free', '0', NULL),
(756, 13, '6F', 'free', '1', NULL),
(757, 13, '7A', 'free', '0', NULL),
(758, 13, '7B', 'free', '0', NULL),
(759, 13, '7C', 'free', '0', NULL),
(760, 13, '7D', 'free', '0', NULL),
(761, 13, '7E', 'free', '0', NULL),
(762, 13, '7F', 'free', '0', NULL),
(763, 13, '8A', 'free', '0', NULL),
(764, 13, '8B', 'free', '0', NULL),
(765, 13, '8C', 'free', '0', NULL),
(766, 13, '8D', 'free', '0', NULL),
(767, 13, '8E', 'free', '0', NULL),
(768, 13, '8F', 'free', '0', NULL),
(769, 13, '9A', 'free', '0', NULL),
(770, 13, '9B', 'free', '0', NULL),
(771, 13, '9C', 'free', '0', NULL),
(772, 13, '9D', 'free', '0', NULL),
(773, 13, '9E', 'free', '0', NULL),
(774, 13, '9F', 'free', '0', NULL),
(775, 13, '10A', 'free', '0', NULL),
(776, 13, '10B', 'free', '0', NULL),
(777, 13, '10C', 'free', '0', NULL),
(778, 13, '10D', 'free', '0', NULL),
(779, 13, '10E', 'free', '0', NULL),
(780, 13, '10F', 'free', '0', NULL),
(781, 14, '1A', 'free', '0', NULL),
(782, 14, '1B', 'free', '0', NULL),
(783, 14, '1C', 'free', '0', NULL),
(784, 14, '1D', 'free', '0', NULL),
(785, 14, '1E', 'free', '0', NULL),
(786, 14, '1F', 'free', '1', NULL),
(787, 14, '2A', 'free', '0', NULL),
(788, 14, '2B', 'free', '0', NULL),
(789, 14, '2C', 'free', '0', NULL),
(790, 14, '2D', 'free', '0', NULL),
(791, 14, '2E', 'free', '0', NULL),
(792, 14, '2F', 'free', '1', NULL),
(793, 14, '3A', 'free', '0', NULL),
(794, 14, '3B', 'free', '0', NULL),
(795, 14, '3C', 'free', '0', NULL),
(796, 14, '3D', 'free', '0', NULL),
(797, 14, '3E', 'free', '0', NULL),
(798, 14, '3F', 'free', '1', NULL),
(799, 14, '4A', 'free', '0', NULL),
(800, 14, '4B', 'free', '0', NULL),
(801, 14, '4C', 'free', '0', NULL),
(802, 14, '4D', 'free', '0', NULL),
(803, 14, '4E', 'free', '0', NULL),
(804, 14, '4F', 'free', '1', NULL),
(805, 14, '5A', 'free', '0', NULL),
(806, 14, '5B', 'free', '0', NULL),
(807, 14, '5C', 'free', '0', NULL),
(808, 14, '5D', 'free', '0', NULL),
(809, 14, '5E', 'free', '0', NULL),
(810, 14, '5F', 'free', '1', NULL),
(811, 14, '6A', 'free', '0', NULL),
(812, 14, '6B', 'free', '0', NULL),
(813, 14, '6C', 'free', '0', NULL),
(814, 14, '6D', 'free', '0', NULL),
(815, 14, '6E', 'free', '0', NULL),
(816, 14, '6F', 'free', '1', NULL),
(817, 14, '7A', 'free', '0', NULL),
(818, 14, '7B', 'free', '0', NULL),
(819, 14, '7C', 'free', '0', NULL),
(820, 14, '7D', 'free', '0', NULL),
(821, 14, '7E', 'free', '0', NULL),
(822, 14, '7F', 'free', '0', NULL),
(823, 14, '8A', 'free', '0', NULL),
(824, 14, '8B', 'free', '0', NULL),
(825, 14, '8C', 'free', '0', NULL),
(826, 14, '8D', 'free', '0', NULL),
(827, 14, '8E', 'free', '0', NULL),
(828, 14, '8F', 'free', '0', NULL),
(829, 14, '9A', 'free', '0', NULL),
(830, 14, '9B', 'free', '0', NULL),
(831, 14, '9C', 'free', '0', NULL),
(832, 14, '9D', 'free', '0', NULL),
(833, 14, '9E', 'free', '0', NULL),
(834, 14, '9F', 'free', '0', NULL),
(835, 14, '10A', 'free', '0', NULL),
(836, 14, '10B', 'free', '0', NULL),
(837, 14, '10C', 'free', '0', NULL),
(838, 14, '10D', 'free', '0', NULL),
(839, 14, '10E', 'free', '0', NULL),
(840, 14, '10F', 'free', '0', NULL),
(841, 15, '1A', 'free', '0', NULL),
(842, 15, '1B', 'free', '0', NULL),
(843, 15, '1C', 'free', '0', NULL),
(844, 15, '1D', 'free', '0', NULL),
(845, 15, '1E', 'free', '0', NULL),
(846, 15, '1F', 'free', '1', NULL),
(847, 15, '2A', 'free', '0', NULL),
(848, 15, '2B', 'free', '0', NULL),
(849, 15, '2C', 'free', '0', NULL),
(850, 15, '2D', 'free', '0', NULL),
(851, 15, '2E', 'free', '0', NULL),
(852, 15, '2F', 'free', '1', NULL),
(853, 15, '3A', 'free', '0', NULL),
(854, 15, '3B', 'free', '0', NULL),
(855, 15, '3C', 'free', '0', NULL),
(856, 15, '3D', 'free', '0', NULL),
(857, 15, '3E', 'free', '0', NULL),
(858, 15, '3F', 'free', '1', NULL),
(859, 15, '4A', 'free', '0', NULL),
(860, 15, '4B', 'free', '0', NULL),
(861, 15, '4C', 'free', '0', NULL),
(862, 15, '4D', 'free', '0', NULL),
(863, 15, '4E', 'free', '0', NULL),
(864, 15, '4F', 'free', '1', NULL),
(865, 15, '5A', 'free', '0', NULL),
(866, 15, '5B', 'free', '0', NULL),
(867, 15, '5C', 'free', '0', NULL),
(868, 15, '5D', 'free', '0', NULL),
(869, 15, '5E', 'free', '0', NULL),
(870, 15, '5F', 'free', '1', NULL),
(871, 15, '6A', 'free', '0', NULL),
(872, 15, '6B', 'free', '0', NULL),
(873, 15, '6C', 'free', '0', NULL),
(874, 15, '6D', 'free', '0', NULL),
(875, 15, '6E', 'free', '0', NULL),
(876, 15, '6F', 'free', '1', NULL),
(877, 15, '7A', 'free', '0', NULL),
(878, 15, '7B', 'free', '0', NULL),
(879, 15, '7C', 'free', '0', NULL),
(880, 15, '7D', 'free', '0', NULL),
(881, 15, '7E', 'free', '0', NULL),
(882, 15, '7F', 'free', '0', NULL),
(883, 15, '8A', 'free', '0', NULL),
(884, 15, '8B', 'free', '0', NULL),
(885, 15, '8C', 'free', '0', NULL),
(886, 15, '8D', 'free', '0', NULL),
(887, 15, '8E', 'free', '0', NULL),
(888, 15, '8F', 'free', '0', NULL),
(889, 15, '9A', 'free', '0', NULL),
(890, 15, '9B', 'free', '0', NULL),
(891, 15, '9C', 'free', '0', NULL),
(892, 15, '9D', 'free', '0', NULL),
(893, 15, '9E', 'free', '0', NULL),
(894, 15, '9F', 'free', '0', NULL),
(895, 15, '10A', 'free', '0', NULL),
(896, 15, '10B', 'free', '0', NULL),
(897, 15, '10C', 'free', '0', NULL),
(898, 15, '10D', 'free', '0', NULL),
(899, 15, '10E', 'free', '0', NULL),
(900, 15, '10F', 'free', '0', NULL),
(901, 16, '1A', 'free', '0', NULL),
(902, 16, '1B', 'free', '0', NULL),
(903, 16, '1C', 'free', '0', NULL),
(904, 16, '1D', 'free', '0', NULL),
(905, 16, '1E', 'free', '0', NULL),
(906, 16, '1F', 'free', '1', NULL),
(907, 16, '2A', 'free', '0', NULL),
(908, 16, '2B', 'free', '0', NULL),
(909, 16, '2C', 'free', '0', NULL),
(910, 16, '2D', 'free', '0', NULL),
(911, 16, '2E', 'free', '0', NULL),
(912, 16, '2F', 'free', '1', NULL),
(913, 16, '3A', 'free', '0', NULL),
(914, 16, '3B', 'free', '0', NULL),
(915, 16, '3C', 'free', '0', NULL),
(916, 16, '3D', 'free', '0', NULL),
(917, 16, '3E', 'free', '0', NULL),
(918, 16, '3F', 'free', '1', NULL),
(919, 16, '4A', 'free', '0', NULL),
(920, 16, '4B', 'free', '0', NULL),
(921, 16, '4C', 'free', '0', NULL),
(922, 16, '4D', 'free', '0', NULL),
(923, 16, '4E', 'free', '0', NULL),
(924, 16, '4F', 'free', '1', NULL),
(925, 16, '5A', 'free', '0', NULL),
(926, 16, '5B', 'free', '0', NULL),
(927, 16, '5C', 'free', '0', NULL),
(928, 16, '5D', 'free', '0', NULL),
(929, 16, '5E', 'free', '0', NULL),
(930, 16, '5F', 'free', '1', NULL),
(931, 16, '6A', 'free', '0', NULL),
(932, 16, '6B', 'free', '0', NULL),
(933, 16, '6C', 'free', '0', NULL),
(934, 16, '6D', 'free', '0', NULL),
(935, 16, '6E', 'free', '0', NULL),
(936, 16, '6F', 'free', '1', NULL),
(937, 16, '7A', 'free', '0', NULL),
(938, 16, '7B', 'free', '0', NULL),
(939, 16, '7C', 'free', '0', NULL),
(940, 16, '7D', 'free', '0', NULL),
(941, 16, '7E', 'free', '0', NULL),
(942, 16, '7F', 'free', '0', NULL),
(943, 16, '8A', 'free', '0', NULL),
(944, 16, '8B', 'free', '0', NULL),
(945, 16, '8C', 'free', '0', NULL),
(946, 16, '8D', 'free', '0', NULL),
(947, 16, '8E', 'free', '0', NULL),
(948, 16, '8F', 'free', '0', NULL),
(949, 16, '9A', 'free', '0', NULL),
(950, 16, '9B', 'free', '0', NULL),
(951, 16, '9C', 'free', '0', NULL),
(952, 16, '9D', 'free', '0', NULL),
(953, 16, '9E', 'free', '0', NULL),
(954, 16, '9F', 'free', '0', NULL),
(955, 16, '10A', 'free', '0', NULL),
(956, 16, '10B', 'free', '0', NULL),
(957, 16, '10C', 'free', '0', NULL),
(958, 16, '10D', 'free', '0', NULL),
(959, 16, '10E', 'free', '0', NULL),
(960, 16, '10F', 'free', '0', NULL),
(961, 17, '1A', 'free', '0', NULL),
(962, 17, '1B', 'free', '0', NULL),
(963, 17, '1C', 'free', '0', NULL),
(964, 17, '1D', 'free', '0', NULL),
(965, 17, '1E', 'free', '0', NULL),
(966, 17, '1F', 'free', '1', NULL),
(967, 17, '2A', 'free', '0', NULL),
(968, 17, '2B', 'free', '0', NULL),
(969, 17, '2C', 'free', '0', NULL),
(970, 17, '2D', 'free', '0', NULL),
(971, 17, '2E', 'free', '0', NULL),
(972, 17, '2F', 'free', '1', NULL),
(973, 17, '3A', 'free', '0', NULL),
(974, 17, '3B', 'free', '0', NULL),
(975, 17, '3C', 'free', '0', NULL),
(976, 17, '3D', 'free', '0', NULL),
(977, 17, '3E', 'free', '0', NULL),
(978, 17, '3F', 'free', '1', NULL),
(979, 17, '4A', 'free', '0', NULL),
(980, 17, '4B', 'free', '0', NULL),
(981, 17, '4C', 'free', '0', NULL),
(982, 17, '4D', 'free', '0', NULL),
(983, 17, '4E', 'free', '0', NULL),
(984, 17, '4F', 'free', '1', NULL),
(985, 17, '5A', 'free', '0', NULL),
(986, 17, '5B', 'free', '0', NULL),
(987, 17, '5C', 'free', '0', NULL),
(988, 17, '5D', 'free', '0', NULL),
(989, 17, '5E', 'free', '0', NULL),
(990, 17, '5F', 'free', '1', NULL),
(991, 17, '6A', 'free', '0', NULL),
(992, 17, '6B', 'free', '0', NULL),
(993, 17, '6C', 'free', '0', NULL),
(994, 17, '6D', 'free', '0', NULL),
(995, 17, '6E', 'free', '0', NULL),
(996, 17, '6F', 'free', '1', NULL),
(997, 17, '7A', 'free', '0', NULL),
(998, 17, '7B', 'free', '0', NULL),
(999, 17, '7C', 'free', '0', NULL),
(1000, 17, '7D', 'free', '0', NULL),
(1001, 17, '7E', 'free', '0', NULL),
(1002, 17, '7F', 'free', '0', NULL),
(1003, 17, '8A', 'free', '0', NULL),
(1004, 17, '8B', 'free', '0', NULL),
(1005, 17, '8C', 'free', '0', NULL),
(1006, 17, '8D', 'free', '0', NULL),
(1007, 17, '8E', 'free', '0', NULL),
(1008, 17, '8F', 'free', '0', NULL),
(1009, 17, '9A', 'free', '0', NULL),
(1010, 17, '9B', 'free', '0', NULL),
(1011, 17, '9C', 'free', '0', NULL),
(1012, 17, '9D', 'free', '0', NULL),
(1013, 17, '9E', 'free', '0', NULL),
(1014, 17, '9F', 'free', '0', NULL),
(1015, 17, '10A', 'free', '0', NULL),
(1016, 17, '10B', 'free', '0', NULL),
(1017, 17, '10C', 'free', '0', NULL),
(1018, 17, '10D', 'free', '0', NULL),
(1019, 17, '10E', 'free', '0', NULL),
(1020, 17, '10F', 'free', '0', NULL),
(1021, 18, '1A', 'free', '0', NULL),
(1022, 18, '1B', 'free', '0', NULL),
(1023, 18, '1C', 'free', '0', NULL),
(1024, 18, '1D', 'free', '0', NULL),
(1025, 18, '1E', 'free', '0', NULL),
(1026, 18, '1F', 'free', '1', NULL),
(1027, 18, '2A', 'free', '0', NULL),
(1028, 18, '2B', 'free', '0', NULL),
(1029, 18, '2C', 'free', '0', NULL),
(1030, 18, '2D', 'free', '0', NULL),
(1031, 18, '2E', 'free', '0', NULL),
(1032, 18, '2F', 'free', '1', NULL),
(1033, 18, '3A', 'free', '0', NULL),
(1034, 18, '3B', 'free', '0', NULL),
(1035, 18, '3C', 'free', '0', NULL),
(1036, 18, '3D', 'free', '0', NULL),
(1037, 18, '3E', 'free', '0', NULL),
(1038, 18, '3F', 'free', '1', NULL),
(1039, 18, '4A', 'free', '0', NULL),
(1040, 18, '4B', 'free', '0', NULL),
(1041, 18, '4C', 'free', '0', NULL),
(1042, 18, '4D', 'free', '0', NULL),
(1043, 18, '4E', 'free', '0', NULL),
(1044, 18, '4F', 'free', '1', NULL),
(1045, 18, '5A', 'free', '0', NULL),
(1046, 18, '5B', 'free', '0', NULL),
(1047, 18, '5C', 'free', '0', NULL),
(1048, 18, '5D', 'free', '0', NULL),
(1049, 18, '5E', 'free', '0', NULL),
(1050, 18, '5F', 'free', '1', NULL),
(1051, 18, '6A', 'free', '0', NULL),
(1052, 18, '6B', 'free', '0', NULL),
(1053, 18, '6C', 'free', '0', NULL),
(1054, 18, '6D', 'free', '0', NULL),
(1055, 18, '6E', 'free', '0', NULL),
(1056, 18, '6F', 'free', '1', NULL),
(1057, 18, '7A', 'free', '0', NULL),
(1058, 18, '7B', 'free', '0', NULL),
(1059, 18, '7C', 'free', '0', NULL),
(1060, 18, '7D', 'free', '0', NULL),
(1061, 18, '7E', 'free', '0', NULL),
(1062, 18, '7F', 'free', '0', NULL),
(1063, 18, '8A', 'free', '0', NULL),
(1064, 18, '8B', 'free', '0', NULL),
(1065, 18, '8C', 'free', '0', NULL),
(1066, 18, '8D', 'free', '0', NULL),
(1067, 18, '8E', 'free', '0', NULL),
(1068, 18, '8F', 'free', '0', NULL),
(1069, 18, '9A', 'free', '0', NULL),
(1070, 18, '9B', 'free', '0', NULL),
(1071, 18, '9C', 'free', '0', NULL),
(1072, 18, '9D', 'free', '0', NULL),
(1073, 18, '9E', 'free', '0', NULL),
(1074, 18, '9F', 'free', '0', NULL),
(1075, 18, '10A', 'free', '0', NULL),
(1076, 18, '10B', 'free', '0', NULL),
(1077, 18, '10C', 'free', '0', NULL),
(1078, 18, '10D', 'free', '0', NULL),
(1079, 18, '10E', 'free', '0', NULL),
(1080, 18, '10F', 'free', '0', NULL),
(1081, 19, '1A', 'free', '0', NULL),
(1082, 19, '1B', 'free', '0', NULL),
(1083, 19, '1C', 'free', '0', NULL),
(1084, 19, '1D', 'free', '0', NULL),
(1085, 19, '1E', 'free', '0', NULL),
(1086, 19, '1F', 'free', '1', NULL),
(1087, 19, '2A', 'free', '0', NULL),
(1088, 19, '2B', 'free', '0', NULL),
(1089, 19, '2C', 'free', '0', NULL),
(1090, 19, '2D', 'free', '0', NULL),
(1091, 19, '2E', 'free', '0', NULL),
(1092, 19, '2F', 'free', '1', NULL),
(1093, 19, '3A', 'free', '0', NULL),
(1094, 19, '3B', 'free', '0', NULL),
(1095, 19, '3C', 'free', '0', NULL),
(1096, 19, '3D', 'free', '0', NULL),
(1097, 19, '3E', 'free', '0', NULL),
(1098, 19, '3F', 'free', '1', NULL),
(1099, 19, '4A', 'free', '0', NULL),
(1100, 19, '4B', 'free', '0', NULL),
(1101, 19, '4C', 'free', '0', NULL),
(1102, 19, '4D', 'free', '0', NULL),
(1103, 19, '4E', 'free', '0', NULL),
(1104, 19, '4F', 'free', '1', NULL),
(1105, 19, '5A', 'free', '0', NULL),
(1106, 19, '5B', 'free', '0', NULL),
(1107, 19, '5C', 'free', '0', NULL),
(1108, 19, '5D', 'free', '0', NULL),
(1109, 19, '5E', 'free', '0', NULL),
(1110, 19, '5F', 'free', '1', NULL),
(1111, 19, '6A', 'free', '0', NULL),
(1112, 19, '6B', 'free', '0', NULL),
(1113, 19, '6C', 'free', '0', NULL),
(1114, 19, '6D', 'free', '0', NULL),
(1115, 19, '6E', 'free', '0', NULL),
(1116, 19, '6F', 'free', '1', NULL),
(1117, 19, '7A', 'free', '0', NULL),
(1118, 19, '7B', 'free', '0', NULL),
(1119, 19, '7C', 'free', '0', NULL),
(1120, 19, '7D', 'free', '0', NULL),
(1121, 19, '7E', 'free', '0', NULL),
(1122, 19, '7F', 'free', '0', NULL),
(1123, 19, '8A', 'free', '0', NULL),
(1124, 19, '8B', 'free', '0', NULL),
(1125, 19, '8C', 'free', '0', NULL),
(1126, 19, '8D', 'free', '0', NULL),
(1127, 19, '8E', 'free', '0', NULL),
(1128, 19, '8F', 'free', '0', NULL),
(1129, 19, '9A', 'free', '0', NULL),
(1130, 19, '9B', 'free', '0', NULL),
(1131, 19, '9C', 'free', '0', NULL),
(1132, 19, '9D', 'free', '0', NULL),
(1133, 19, '9E', 'free', '0', NULL),
(1134, 19, '9F', 'free', '0', NULL),
(1135, 19, '10A', 'free', '0', NULL),
(1136, 19, '10B', 'free', '0', NULL),
(1137, 19, '10C', 'free', '0', NULL),
(1138, 19, '10D', 'free', '0', NULL),
(1139, 19, '10E', 'free', '0', NULL),
(1140, 19, '10F', 'free', '0', NULL),
(1141, 20, '1A', 'free', '0', NULL),
(1142, 20, '1B', 'free', '0', NULL),
(1143, 20, '1C', 'free', '0', NULL),
(1144, 20, '1D', 'free', '0', NULL),
(1145, 20, '1E', 'free', '0', NULL),
(1146, 20, '1F', 'free', '1', NULL),
(1147, 20, '2A', 'free', '0', NULL),
(1148, 20, '2B', 'free', '0', NULL),
(1149, 20, '2C', 'free', '0', NULL),
(1150, 20, '2D', 'free', '0', NULL),
(1151, 20, '2E', 'free', '0', NULL),
(1152, 20, '2F', 'free', '1', NULL),
(1153, 20, '3A', 'free', '0', NULL),
(1154, 20, '3B', 'free', '0', NULL),
(1155, 20, '3C', 'free', '0', NULL),
(1156, 20, '3D', 'free', '0', NULL),
(1157, 20, '3E', 'free', '0', NULL),
(1158, 20, '3F', 'free', '1', NULL),
(1159, 20, '4A', 'free', '0', NULL),
(1160, 20, '4B', 'free', '0', NULL),
(1161, 20, '4C', 'free', '0', NULL),
(1162, 20, '4D', 'free', '0', NULL),
(1163, 20, '4E', 'free', '0', NULL),
(1164, 20, '4F', 'free', '1', NULL),
(1165, 20, '5A', 'free', '0', NULL),
(1166, 20, '5B', 'free', '0', NULL),
(1167, 20, '5C', 'free', '0', NULL),
(1168, 20, '5D', 'free', '0', NULL),
(1169, 20, '5E', 'free', '0', NULL),
(1170, 20, '5F', 'free', '1', NULL),
(1171, 20, '6A', 'free', '0', NULL),
(1172, 20, '6B', 'free', '0', NULL),
(1173, 20, '6C', 'free', '0', NULL),
(1174, 20, '6D', 'free', '0', NULL),
(1175, 20, '6E', 'free', '0', NULL),
(1176, 20, '6F', 'free', '1', NULL),
(1177, 20, '7A', 'free', '0', NULL),
(1178, 20, '7B', 'free', '0', NULL),
(1179, 20, '7C', 'free', '0', NULL),
(1180, 20, '7D', 'free', '0', NULL),
(1181, 20, '7E', 'free', '0', NULL),
(1182, 20, '7F', 'free', '0', NULL),
(1183, 20, '8A', 'free', '0', NULL),
(1184, 20, '8B', 'free', '0', NULL),
(1185, 20, '8C', 'free', '0', NULL),
(1186, 20, '8D', 'free', '0', NULL),
(1187, 20, '8E', 'free', '0', NULL),
(1188, 20, '8F', 'free', '0', NULL),
(1189, 20, '9A', 'free', '0', NULL),
(1190, 20, '9B', 'free', '0', NULL),
(1191, 20, '9C', 'free', '0', NULL),
(1192, 20, '9D', 'free', '0', NULL),
(1193, 20, '9E', 'free', '0', NULL),
(1194, 20, '9F', 'free', '0', NULL),
(1195, 20, '10A', 'free', '0', NULL),
(1196, 20, '10B', 'free', '0', NULL),
(1197, 20, '10C', 'free', '0', NULL),
(1198, 20, '10D', 'free', '0', NULL),
(1199, 20, '10E', 'free', '0', NULL),
(1200, 20, '10F', 'free', '0', NULL);

-- --------------------------------------------------------

--
-- Table structure for table `user`
--

CREATE TABLE `user` (
  `UserID` int(11) NOT NULL,
  `Name` varchar(255) NOT NULL,
  `Email` varchar(255) NOT NULL,
  `Password` varchar(255) NOT NULL,
  `Age` int(11) NOT NULL,
  `is_admin` tinyint(1) DEFAULT 0
) ENGINE=InnoDB DEFAULT CHARSET=utf8mb4 COLLATE=utf8mb4_general_ci;

--
-- Indexes for dumped tables
--

--
-- Indexes for table `booking`
--
ALTER TABLE `booking`
  ADD PRIMARY KEY (`BookingID`),
  ADD KEY `UserID` (`UserID`),
  ADD KEY `FlightID` (`FlightID`),
  ADD KEY `SeatID` (`SeatID`),
  ADD KEY `PassengerID` (`PassengerID`);

--
-- Indexes for table `flight`
--
ALTER TABLE `flight`
  ADD PRIMARY KEY (`FlightID`),
  ADD KEY `PlaneID` (`PlaneID`);

--
-- Indexes for table `passenger`
--
ALTER TABLE `passenger`
  ADD PRIMARY KEY (`PassengerID`),
  ADD KEY `UserID` (`UserID`);

--
-- Indexes for table `plane`
--
ALTER TABLE `plane`
  ADD PRIMARY KEY (`PlaneID`);

--
-- Indexes for table `seat`
--
ALTER TABLE `seat`
  ADD PRIMARY KEY (`SeatID`),
  ADD KEY `PlaneID` (`FlightID`);

--
-- Indexes for table `user`
--
ALTER TABLE `user`
  ADD PRIMARY KEY (`UserID`),
  ADD UNIQUE KEY `Email` (`Email`);

--
-- AUTO_INCREMENT for dumped tables
--

--
-- AUTO_INCREMENT for table `booking`
--
ALTER TABLE `booking`
  MODIFY `BookingID` int(11) NOT NULL AUTO_INCREMENT, AUTO_INCREMENT=41;

--
-- AUTO_INCREMENT for table `flight`
--
ALTER TABLE `flight`
  MODIFY `FlightID` int(11) NOT NULL AUTO_INCREMENT, AUTO_INCREMENT=161;

--
-- AUTO_INCREMENT for table `passenger`
--
ALTER TABLE `passenger`
  MODIFY `PassengerID` int(11) NOT NULL AUTO_INCREMENT, AUTO_INCREMENT=46;

--
-- AUTO_INCREMENT for table `plane`
--
ALTER TABLE `plane`
  MODIFY `PlaneID` int(11) NOT NULL AUTO_INCREMENT, AUTO_INCREMENT=29;

--
-- AUTO_INCREMENT for table `seat`
--
ALTER TABLE `seat`
  MODIFY `SeatID` int(11) NOT NULL AUTO_INCREMENT, AUTO_INCREMENT=8897;

--
-- AUTO_INCREMENT for table `user`
--
ALTER TABLE `user`
  MODIFY `UserID` int(11) NOT NULL AUTO_INCREMENT, AUTO_INCREMENT=5;

--
-- Constraints for dumped tables
--

--
-- Constraints for table `booking`
--
ALTER TABLE `booking`
  ADD CONSTRAINT `booking_ibfk_1` FOREIGN KEY (`UserID`) REFERENCES `user` (`UserID`) ON DELETE CASCADE ON UPDATE CASCADE,
  ADD CONSTRAINT `booking_ibfk_2` FOREIGN KEY (`FlightID`) REFERENCES `flight` (`FlightID`) ON DELETE CASCADE ON UPDATE CASCADE,
  ADD CONSTRAINT `booking_ibfk_3` FOREIGN KEY (`SeatID`) REFERENCES `seat` (`SeatID`) ON DELETE CASCADE ON UPDATE CASCADE,
  ADD CONSTRAINT `booking_ibfk_4` FOREIGN KEY (`PassengerID`) REFERENCES `passenger` (`PassengerID`) ON DELETE CASCADE ON UPDATE CASCADE;

--
-- Constraints for table `flight`
--
ALTER TABLE `flight`
  ADD CONSTRAINT `flight_ibfk_1` FOREIGN KEY (`PlaneID`) REFERENCES `plane` (`PlaneID`) ON DELETE CASCADE ON UPDATE CASCADE;

--
-- Constraints for table `passenger`
--
ALTER TABLE `passenger`
  ADD CONSTRAINT `passenger_ibfk_1` FOREIGN KEY (`UserID`) REFERENCES `user` (`UserID`) ON DELETE CASCADE ON UPDATE CASCADE;
COMMIT;

/*!40101 SET CHARACTER_SET_CLIENT=@OLD_CHARACTER_SET_CLIENT */;
/*!40101 SET CHARACTER_SET_RESULTS=@OLD_CHARACTER_SET_RESULTS */;
/*!40101 SET COLLATION_CONNECTION=@OLD_COLLATION_CONNECTION */;
